What Are You Doing?;GIVING THE CORRECT ANSWER;
Person;HALL MONITOR;
Fun & Games;SOLVING CROSSWORD PUZZLES;
Thing;HEARTWARMING HANDWRITTEN LETTER;
Welcome Aboard!;DINING EUROPE CABINS DECK;
Living Thing;CHESTNUT TREE;
Phrase;ADD THAT TO MY WISH LIST;
Phrase;TIDY UP THE HOUSE;
Things;ARTS & CRAFTS;
People;TEAM OF ALL-STARS;
Show Biz;LIKE NOTHING ELSE ON TELEVISION;
Song Lyrics;A B C EASY AS ONE TWO THREE;
Two Tickets to Paradise;LANDSCAPE ADVENTURE MAP SURF;
Place;SUMMER SCHOOL;
What Are You Doing?;SHUFFLING THE CARDS;
Thing;WHIMSICAL RHYME;
Thing;PHYSICAL EDUCATION;
Around the House;FLAT-HEAD SCREWDRIVER;
Quotation;WHEN YOU COME TO A FORK IN THE ROAD TAKE IT;
Same Letter;QUIRKY QUIZ QUESTIONS;
Food & Drink;FROZEN STRAWBERRY MARGARITA;
Movie Title;DANGEROUS MINDS;
Phrase;I'M DRAWING A BLANK;
Thing;PIANO MUSIC;
Occupation;VICE PRINCIPAL;
Thing;STACK OF PAPER;
Phrase;ACTIONS SPEAK LOUDER THAN WORDS;
Class Is In Session;ERASERS ATTENDANCE PEN EXAM;
Food & Drink;HOT SPICY JERK CHICKEN;
On the Map;THE RHINE RIVER;
Person;SCIENCE FICTION FAN;
What Are You Doing?;BRIDGING THE GAP;
What Are You Doing?;CARPOOLING TO WORK;
Fun & Games;CONCENTRATION;
Event;THE BEGINNING OF AN ERA;
Proper Name;AMERICAN AUTHOR MARK TWAIN;
Before & After;SPRING BREAK DANCING;
Rhyme Time;SPENDING THE DAY ON THE BAY;
Phrase;STAY IN TOUCH;
What Are You Doing?;CHEWING BUBBLE GUM;
Thing;PHOTO OPPORTUNITY;
Thing;ACTIVEWEAR;
Landmark;THE GRAND CANYON;
Rhyme Time;EAGER BEAVER;
Things;AMAZING ROCK FORMATIONS;
Food & Drink;GRILLED SWORDFISH FILLET;
Phrase;I'M VERY BUSY SUNBATHING;
Event;REACHING THE SUMMIT;
Places;VAST MEADOWS;
Show Biz;SPECIAL APPEARANCE;
Thing;UPBEAT PERSONALITY;
Places;PEAKS AND VALLEYS;
Phrase;A THING OF BEAUTY;
Fun & Games;SELF-GUIDED NATURE WALK;
Before & After;ALEXANDER THE GREAT-GRANDPARENT;
Event;CRUISING PAST MEDIEVAL CASTLES;
Movie Title;ZOOTOPIA;
Thing;WORKOUT ROUTINE;
Thing;FOOD JOURNAL;
Things;GEYSERS AND HOT SPRINGS;
Person;ART COLLECTOR;
In the Garden;HUMMINGBIRDS MUMS BEES SOIL;
What Are You Doing?;HIKING ALONG ROCKY SHORELINES;
Phrase;YOU'LL NEVER WANT TO LEAVE THE RESORT;
On the Map;MOUNT RAINIER;
Movie Title;THE SECRET LIFE OF PETS;
Phrase;IN THE BACKGROUND;
Landmarks;YOSEMITE & YELLOWSTONE;
Place;RUGGED WILDERNESS;
Thing;ACTIVE HEALTHY LIFESTYLE;
All the World's a Stage;SHAKESPEARE ACTORS COMEDY PLAY;
Phrase;PLEASE ENTER YOUR TRAVEL DATES;
Rhyme Time;ABSOLUTELY POSITIVELY;
What Are You Doing?;CHECKING THE WEATHER;
Food & Drink;PEAS AND CARROTS;
Thing;GROUP PHOTO;
Living Things;GIANT SEQUOIA TREES;
Phrase;HAPPY BIRTHDAY;
Place;HOME TO MANY ENDANGERED SPECIES;
Before & After;MAGIC CARPET FRESHENER;
Thing;SOFT SANDY OCEAN BOTTOM;
Around the House;PICTURE FRAME;
Person;OUTDOOR ADVENTURER;
Thing;POWERFUL IMAGE;
Phrase;ADVENTURE AWAITS;
Food & Drink;MEATBALL SANDWICH;
What Are You Doing?;BUILDING A BIRDHOUSE;
Family Reunion;LAUGHS GRANDKIDS KIDS HUGS DADS;
Fun & Games;THE BEST RIDES & ATTRACTIONS;
Rhyme Time;CLAIM TO FAME;
Thing;LASTING IMPRESSION;
Phrase;HUMBLY YOURS;
Characters;BAMBI & THUMPER;
Person;LITTLE SISTER;
Before & After;IT'S NOT EASY BEING GREEN BEANS;
Food & Drink;TASTY DISHES FROM AROUND THE GLOBE;
Phrase;I'M TOTALLY LOVING THIS;
Places;STATE CAPITALS;
Fun & Games;CAMPING IN THE BACKYARD;
Phrase;CHOKED UP;
Place;FANTASYLAND;
In the Kitchen;ICE CREAM MAKER;
Fun & Games;DRAWING WITH SIDEWALK CHALK;
Holiday Wish List;PUPPY KITTEN BIKE PONY;
Phrase;CALIFORNIA HERE WE COME;
What Are You Doing?;LEADING BY EXAMPLE;
Person;OLD FRIEND OF THE FAMILY;
Thing;POSITIVE OPINION;
Show Biz;ANIMATED FEATURE FILM;
What Are You Doing?;TAKING TURNS;
Around the House;WICKER PICNIC BASKET;
"""I'm a Real Boy!""";PINOCCHIO PUPPET NOSE WOOD;
Fun & Games;PARADES AND FIREWORKS;
Person;TRUSTED ADVISOR;
Phrase;A FEAST FIT FOR A KING;
Food & Drink;FRESH HONEYDEW;
Character;WINNIE THE POOH;
Person;MY NEW SIDEKICK;
Same Name;PINBALL AND SEWING MACHINE;
Show Biz;THE GOLDEN AGE OF HOLLYWOOD;
Event;A VACATION UNLIKE ANY OTHER;
Fun & Games;DOING THE TANGO;
Phrase;IT'S YOUR TIME TO SHINE;
Thing;A HEFTY CHUNK;
Rhyme Time;WHEELING AND DEALING;
Person;A MAN OF HIS WORD;
Show Biz;JULIA ROBERTS STARS IN PRETTY WOMAN;
Before & After;ALPHABETICAL ORDER OF BUFFALO WINGS;
Phrase;I'VE ALWAYS WANTED TO DO THAT;
Song Title;TAKE IT TO THE LIMIT;
Thing;CONVENTIONAL WISDOM;
Occupation;HOTEL MANAGER;
Phrase;ON OUR WAY TO HAPPY HOUR;
Thing;INCREDIBLE VALUE;
What Are You Doing?;READING THE LABEL;
Rhyme Time;GO WITH WHAT YOU KNOW;
Phrase;IF THE SHOE FITS BUY IT IN EVERY COLOR;
Island Time;ALOHA MACADAMIAS HULA SPAS;
Proper Name;MIAMI DOLPHINS;
Around the House;PILLOWS AND PILLOWCASES;
Phrase;I GAVE HIM AN EARFUL;
Phrase;REMEMBER YOUR RECEIPT;
Event;HOLIDAY PARTY;
Show Biz;NINETIES HIT MOVIE CLUELESS;
Out of This World;METEOR ASTEROID STAR MARS;
What Are You Doing?;TAKING IT TO A WHOLE NEW LEVEL;
Rhyme Time;HONEY BUNNY;
Fun & Games;FLIPS AND CARTWHEELS;
Food & Drink;JUICY PLUM;
Things;WEEKLY SPECIALS;
Place;RESERVATION DESK;
Title;THE DEVIL WEARS PRADA;
Lucky Number Seven;CONTINENTS WONDERS SEAS;
Phrase;THIS SHOULD DO THE TRICK;
What Are You Doing?;SETTING GOALS;
In the Kitchen;WOODEN CHOPSTICKS;
Phrase;OUT OF THE BOX;
What Are You Doing?;NEGOTIATING THE PRICE;
Food & Drink;SALTED ALMONDS;
Title;CONFESSIONS OF A SHOPAHOLIC;
Before & After;NOSE JOB INTERVIEW;
Event;AN UNFORGETTABLE EXPERIENCE;
Phrase;WE'VE COME FULL CIRCLE;
Thing;FASHIONABLE FOOTWEAR;
Fun & Games;ROCK-CLIMBING WALL;
Phrase;APPLYING YOURSELF;
Thing;BEAUTIFUL SCENERY;
Living Things;A FLOCK OF SEAGULLS;
Place;IDEAL SPOT FOR NATURE LOVERS;
Quotation;THE EARLY BIRD CATCHES THE WORM;
Let's Get Tropical!;MANGO PAPAYA UKULELE LEI MAUI;
Movie Title;SLEEPLESS IN SEATTLE;
What Are You Doing?;ROASTING MY OWN COFFEE;
Person;JAZZ GUITARIST;
Places;HISTORIC SEAPORT TOWNS;
Phrase;HIT THE GROUND RUNNING;
Living Things;SOME OF THE WORLD'S LARGEST TREES;
Before & After;PUGET SOUND EFFECTS;
Thing;STUNNING TURQUOISE WATERS;
Fun & Games;CRACKING JOKES;
What Are You Doing?;SHOPPING AT A BOOKSTORE;
What Are You Doing?;BAKING A PIE;
Things;CASCADING WATERFALLS;
What Are You Doing?;RIDING THE FERRY;
Show Biz;FANTASTIC LOCAL MUSIC SCENE;
Ooh Baby!;PEDIATRICIAN BURP TOYS CRIB;
Event;A GUIDED TOUR OF THE GREAT WALL;
Living Things;ORCAS AND GRAY WHALES;
Phrase;A DATE WITH DESTINY;
Thing;BASIC MATH;
Thing;EMERALD GREEN FOLIAGE;
Phrase;LAUGH-OUT-LOUD-FUNNY;
Sweet _____;POTATO CAROLINE DREAMS PEAS;
What Are You Doing?;VISITING ANTIQUE SHOPS;
Food & Drink;EXTRAVAGANT SEAFOOD PLATTER;
On the Map;SAN JUAN ISLANDS;
Places;TOWERING MOUNTAIN PEAKS;
Thing;POPULAR VIEW;
Living Things;A POD OF PORPOISES;
What Are You Doing?;PLANTING TULIPS;
Place;NATIONAL WILDLIFE REFUGE;
Same Letter;COOL CITIES & COLORFUL CHARACTERS;
Phrase;DON'T FORGET TO PACK A BATHING SUIT;
People;STREET PERFORMERS;
Food & Drink;VEGETARIAN PIZZA;
Thing;FABULOUS ADVICE;
Thing;WARM HOSPITALITY;
Character;CURIOUS GEORGE;
Food & Drink;PLATES OF COOKIES AND CUPS OF COCOA;
First _____;AID AMENDMENT IMPRESSION DATE;
Phrase;I COULD USE SOME TRAVEL TIPS;
Song Title;TAKE A CHANCE ON ME;
Fun & Games;RIDING A TANDEM BICYCLE;
On the Map;LOUISVILLE KENTUCKY;
What Are You Doing?;PARADING AROUND;
Food & Drink;HOME-COOKED MEAL;
Movie Quote;YOU HAD ME AT HELLO;
What Are You Doing?;STRIKING UP A CONVERSATION;
Before & After;GLUTEN FREE CHECKING;
Place;PARADISE IN THE PACIFIC;
On the Map;AUSTIN TEXAS;
Phrase;OUT OF LEFT FIELD;
Phrase;FLIPPING A SWITCH;
Around the House;CRACKLING FIREPLACE;
On the Map;PORTLAND OREGON;
"""I Do""";BRIDE GROOMSMEN RING VOWS;
Phrase;TWO FOR THE PRICE OF ONE;
Living Things;EXOTIC JUNGLE CATS;
Person;FAMOUS CHEF;
What Are You Doing?;MAKING IT UP AS I GO ALONG;
Phrase;EMBARK ON A JOURNEY;
Phrase;WE AIM TO PLEASE;
Character;JASON BOURNE;
Person;A MAN AFTER MY OWN HEART;
At the Office;CUBICLE STAPLER WORK DESK;
Places;BEAUTIFULLY MANICURED GROUNDS;
Occupation;YOGA INSTRUCTOR;
Fun & Games;MONOPOLY MONEY;
What Are You Doing?;PUTTING ON MASCARA;
Phrase;DIFFICULT TO IGNORE;
Food & Drink;PITCHER OF ICED TEA;
Place;WALK-IN CLOSET;
What Are You Doing?;TAKING A STROLL DOWN MEMORY LANE;
Before & After;SOAP OPERA STAR WARS;
Phrase;YOU'VE NEVER SEEN WATER LIKE THIS;
Around the House;PORCH SWING;
Event;BACKYARD WEDDING;
Fun & Games;PAINTING A PICTURE;
Thing;PARKING PERMIT;
Things;ADORABLE DIMPLES;
Phrase;MY SUITCASE IS PACKED;
Title;ON THE ROAD;
Show Biz;FILM AND TELEVISION PERFORMER;
Fun & Games;TOUCHDOWNS FIELD GOALS & EXTRA POINTS;
Bon Appetit;CROISSANTS CHEESES WINE;
Place;MOUNTAINOUS TERRAIN;
Food & Drink;DELICIOUS DESSERTS;
Person;HANDY GUY;
Song Lyrics;LIKE A ROLLING STONE;
Movie Title;STAR TREK BEYOND;
Food & Drink;HAZELNUT-FLAVORED CREAMER;
Happy ____;ANNIVERSARY FACE FEET DAYS;
Things;POSTCARDS FROM A FARAWAY LAND;
Title;LOS ANGELES TIMES;
Phrase;UP CLOSE AND PERSONAL;
Phrase;I HAVE NO IDEA;
Song Lyrics;LOOKING FOR ADVENTURE;
Place;THE WINDOW SEAT;
Before & After;PHOTO FINISH YOUR DINNER;
Phrase;A CASE OF MISTAKEN IDENTITY;
Event;OUR FIRST INTERNATIONAL FLIGHT;
Thing;DESIGNER PURSE;
Around the House;DOLL COLLECTION;
Rhyme Time;RAZZLE-DAZZLE;
Phrase;ON A BUDGET;
Thing;PASSPORT PICTURE;
Food & Drink;LOAF OF FRENCH BREAD;
Show Biz;MY FAVORITE ROMANTIC COMEDY;
Weather Alert!;THUNDER LIGHTNING HAIL RAIN;
Phrase;NO OTHER PLACE LIKE IT IN THE WORLD;
Characters;DOROTHY & TOTO;
What Are You Doing?;CONDUCTING AN EXPERIMENT;
Things;DAILY UPDATES;
Phrase;I'M READY TO GO;
Thing;SECOND NATURE;
Food & Drink;BUTTERSCOTCH PUDDING MADE FROM SCRATCH;
Same Name;PUNCHING & TEA BAG;
Living Things;PLAYFUL GIANT PANDAS;
Song Lyrics;STRANGE INVITATION;
Around the House;MATCHING BATHROBES;
Thing;FOGGY MORNING;
What Are You Doing?;STUDYING FOR FINALS;
Rhyme Time;REFUSE TO LOSE;
Event;NEW STUDENT ORIENTATION;
College Life;TUITION GRADE MAJOR QUAD DORM;
Place;SPECTACULAR BEACHFRONT OCEANS;
Thing;SELFIE STICK;
On the Map;GRAND RAPIDS MICHIGAN;
Phrase;TOYING AROUND;
Thing;FULL SCHOLARSHIP;
Person;CHEMISTRY TUTOR;
Before & After;LECTURE HALL OF MIRRORS;
Place;ALL THE WAY ON THE OTHER SIDE OF CAMPUS;
What Are You Doing?;SPENDING THE DAY BY THE POOL;
Event;LUNCH WITH MY ROOMMATE;
Phrase;WHEN IS SPRING BREAK?;
Food & Drink;CARAMEL SUNDAE;
Phrase;UNBEATABLE COMBINATION;
What Are You Doing?;SITTING IN THE FRONT ROW;
College Life;PREREQUISITE CLASS;
Event;GOING HOME FOR WINTER RECESS;
Mixed _____;FEELINGS FRUIT SIGNALS NUTS;
Phrase;ALL I WANTED WAS A TRIP TO MAUI;
Person;SOFTWARE EXPERT;
Things;CLUBS AND ACTIVITIES;
Character;BUZZ LIGHTYEAR;
Thing;BRIGHT GLOW;
College Life;CHALLENGING CURRICULUM;
On the Map;SOUTH CAROLINA;
Pop _____;QUIZZES TARTS CULTURE STAR;
Fun & Games;LISTENING TO MY NEW PLAYLIST;
Places;ROCKY COASTAL COVES;
Things;GREEK LETTERS;
What Are You Doing?;GETTING THE INSIDE SCOOP;
Phrase;JOINING HANDS;
College Life;COURSE NUMBER;
Fun & Games;SOLVING A RIDDLE;
Event;IMPORTANT SCIENTIFIC BREAKTHROUGH;
Same Name;COMMENCEMENT & WIRELESS SPEAKERS;
Phrase;THIS PLACE IS OFF THE HOOK;
On the Map;BARCELONA SPAIN;
What Are You Doing?;WASTING TIME ONLINE;
Things;ARGYLE SOCKS;
Phrase;PAYING MY DUES;
Phrase;SUPPORT THE TROOPS;
Occupation;AUTOMOTIVE ENGINEER;
People;THE BRAVE MEN AND WOMEN WHO HAVE SERVED;
Before & After;CHOW LINE DANCING;
What Are You Doing?;GETTING PAMPERED AT THE SPA;
Food & Drink;APPLE COBBLER;
Thing;FIGHTING SPIRIT;
Thing;A BIG FACTOR;
What Are You Doing?;TAKING A MOMENT;
Food & Drink;MACARONI SALAD;
Song Title;THE STARS AND STRIPES FOREVER;
High _____;CHAIR SCHOOL FIVE RISE NOON;
Fun & Games;STAND-UP PADDLEBOARD;
Event;FEDERAL HOLIDAY;
Phrase;RIPE FOR THE PICKING;
Phrase;MY HAPPY PLACE;
Phrase;SHOWING OUR APPRECIATION;
Fun & Games;SPECTATOR SPORT;
What Are You Doing?;DONATING TO MY FAVORITE CHARITY;
Same Letter;PUSH-UPS PULL-UPS & PERSPIRATION;
Place;FANTASTIC ALL-INCLUSIVE HOTEL;
Thing;TOUGH COMPETITION;
Food & Drink;SUN-DRIED TOMATOES;
Phrase;JOG YOUR MEMORY;
Thing;TREMENDOUS COURAGE;
Phrase;THE BEST IN THE BUSINESS;
Phrase;ANOTHER DAY ANOTHER DOLLAR;
Food & Drink;CORN ON THE COB WITH LOTS OF BUTTER;
Fun & Games;DOING THE LIMBO AT THE LUAU;
What Are You Doing?;EXPRESSING GRATITUDE;
On the Map;JACKSON MISSISSIPPI;
Phrase;POINT IT OUT;
Phrase;SAFE AND SECURE;
What Are You Doing?;TESTING THE WATERS;
Thing;ADVANCED TECHNOLOGY;
Do You Read Me?;HOROSCOPE BOOK COPY MENU;
Living Things;BLUE MARLIN & YELLOWFIN TUNA;
Food & Drink;SWEET CHERRY PIE;
Person;PROBLEM SOLVER;
Things;GROCERY BAGS;
Song Title;GOING TO CALIFORNIA;
Living Things;WILD DAISIES;
Phrase;GETTING INTO THE SWING OF THINGS;
Same Letter;CAMPSITES CANOES & CABINS;
What Are You Doing?;HAVING THE TIME OF MY LIFE;
Food & Drink;CHEESE DANISH;
Event;BEATING THE BUZZER;
Thing;TRUE SPORTSMANSHIP;
Thing;AMBITIOUS PLAN;
Fun & Games;HITTING THE ROAD;
Thing;A RITE OF PASSAGE;
What Are You Doing?;VISITING AN ANTIQUE CAR MUSEUM;
Art _____;GARFUNKEL HISTORY SALE DECO;
Place;AN UNDISCOVERED JEWEL;
Landmark;THE LIBRARY OF CONGRESS;
Phrase;THE WHOLE SHEBANG;
Thing;DOUBLE EXPOSURE;
What Are You Doing?;STRETCHING MY LEGS;
Occupation;LOCAL WEATHERMAN;
_____ Shower;METEOR BRIDAL RAIN COLD;
Things;TENT POLES STAKES SLEEPING BAG;
Living Things;BRIGHTLY COLORED PARROTS;
Around the House;SCRATCHING POST;
Song Lyrics;TO THE GULF STREAM WATERS;
Things;DAYLIGHT HOURS;
What Are You Doing?;STOPPING AT A REST AREA;
Food & Drink;CRUNCHY POTATO CHIPS;
Places;CLIFFS OVERLOOKING THE PACIFIC;
You Little Animal!;CALF LAMB PIGLET COLT;
Things;MEMORIES THAT WILL LAST FOREVER;
On the Map;CARSON CITY NEVADA;
Phrase;ADD IT TO MY SHOPPING CART;
Thing;FUNNY CAPTION;
Food & Drink;HONEY-ROASTED PEANUTS;
Living Things;MAN'S BEST FRIEND;
Fun & Games;DRIVING THROUGH WIDE OPEN SPACES;
Same Name;HIGHWAY & SOLAR SYSTEM;
What Are You Doing?;DINING AT SUNSET ON THE BEACH;
Thing;HYBRID VEHICLE;
Phrase;NOT A PROBLEM;
Place;COZY BUNGALOW;
On the Map;FARGO NORTH DAKOTA;
What Are You Doing?;WATCHING THE BIG GAME;
Character;THOR THE GOD OF THUNDER;
Food & Drink;GOLDEN CORN BREAD MUFFINS;
Water Water Everywhere;ATLANTIC DEEP BLUE TIDE;
Proper Name;CONAN O'BRIEN;
Phrase;EASIER SAID THAN DONE;
Things;POST-IT NOTES;
Movie Title;A BEAUTIFUL MIND;
Phrase;I HAVE TO GO HOME;
On the Map;ALBUQUERQUE NEW MEXICO;
Show Biz;MOVIE SOUNDTRACK;
Super _____;POWERS NATURAL MAN BOWL;
Song Title;I WANT TO KNOW WHAT LOVE IS;
Phrase;LEAVE YOUR COAT AND TIE AT HOME;
Around the House;BRIGHT SKYLIGHT;
Food & Drink;FRESH CRANBERRIES;
Thing;WOOL JACKET;
Landmark;GRACELAND MANSION;
Fun & Games;SOCCER TOURNAMENT;
Food & Drink;BAKED SWEET POTATOES;
Car Talk;VEHICLE TRANSMISSION HONK OIL;
Phrase;I'LL BE CHECKING IN FOR THE WEEK;
Rhyme Time;LOUD & PROUD;
Show Biz;MOVIE MARATHON;
What Are You Doing?;READING THE SMALL PRINT;
Person;MUSICAL PRODIGY;
Proper Name;ELEANOR ROOSEVELT;
Fun & Games;PLAYING CHARADES;
Food & Drink;TURKEY AND ALL THE TRIMMINGS;
What Are You Doing?;TAKING A LONG WALK AFTER DINNER;
Phrase;EVERY DAY IS AN ADVENTURE;
In the Kitchen;TEASPOONS & TABLESPOONS;
Thing;BOLT OF LIGHTNING;
Person;STRAIGHT-A STUDENT;
Phrase;HOPE YOU HAVE FUN;
Place;THE EVERGREEN STATE;
Phrase;PUT ON YOUR THINKING CAP;
Food & Drink;CARAMELIZED BUTTERNUT SQUASH;
Same Name;CONVENTION & MESS HALL;
Fun & Games;TAKING UNDERWATER PICTURES;
Things;DOUBLE COUPONS;
What Are You Doing?;GOING BACK TO THE GYM;
Thing;OUR TOP PRIORITY;
People;HAPPY CHILDREN;
Phrase;ENJOY YOUR STAY;
What Are You Doing?;LIGHTING CANDLES ON A BIRTHDAY CAKE;
Let's Decorate;ORNAMENTS WREATH TREE STAR;
Song Lyrics;I CAN SEE FOR MILES AND MILES AND MILES;
Food & Drink;RICH DESSERT;
Things;ANCIENT ARTIFACTS;
On the Map;PHOENIX ARIZONA;
Phrase;BACK IT UP;
Occupation;PROFESSIONAL GENEALOGIST;
Thing;CAMPING PERMIT;
Food & Drink;BOW-TIE PASTA WITH CREAM SAUCE;
Before & After;FAST FOOD FOR THOUGHT;
What Are You Doing?;EMBRACING THE ISLAND LIFESTYLE;
Phrase;WHY DIDN'T I THINK OF THAT?;
Around the House;FAVORITE BOARD GAMES;
Thing;HUGE JACKPOT;
People;AUNTS AND UNCLES;
Thing;A LITTLE-KNOWN FACT;
Show Biz;GREAT MOMENTS IN TELEVISION HISTORY;
Family _____;PORTRAIT FEUD DINNER TIME TIES;
Phrase;LIVING IN THE LAP OF LUXURY;
Rhyme Time;NITTY-GRITTY;
What Are You Doing?;MEETING MY DEADLINE;
Thing;A UNIQUE VOICE;
Around the House;BABY BOTTLES;
Person;DANCE PARTNER;
Dog _____;BREED WHISPERER BOWL BARK;
Phrase;SMALL MEDIUM LARGE OR EXTRA LARGE;
Thing;YELLOW POLKA DOT BIKINI;
Song Title;MY GENERATION;
Thing;EXCELLENT TIMING;
Phrase;OPEN DAILY;
People;BEAMING PARENTS;
Place;TRAVEL AGENCY;
Title;GOLDILOCKS AND THE THREE BEARS;
Before & After;SOUTHERN CHARM BRACELET;
Fun & Games;THE MOST INCREDIBLE SNORKELING;
In the Kitchen;BUN WARMER;
Thing;A RAINBOW OF COLORS;
What Are You Doing?;CRUNCHING THE NUMBERS;
Thing;AN ONGOING EFFORT;
Phrase;SMILES ALL AROUND;
Event;SLUMBER PARTY;
Quotation;AWAY TO THE WINDOW I FLEW LIKE A FLASH;
Before & After;LONG LIVE THE KING-SIZE MATTRESS;
Living Things;STARFISH AND STINGRAYS;
Around the House;MAKEUP REMOVER;
Food & Drink;BREAKFAST BACON;
Phrase;HOWDY FOLKS;
Food & Drink;CANDY CANES;
Things;FIREPLACE LOGS;
Christmas _____;VACATION SWEATER DAY EVE CARD;
Person;A LEGEND IN HIS OWN TIME;
What Are You Doing?;WATCHING CLOUDS DRIFT OVER THE SEA;
Event;WEEKEND ROAD TRIP;
Song Lyrics;WHERE THE BUFFALO ROAM;
Thing;BIOGRAPHICAL INFORMATION;
Around the House;TWINKLING LIGHTS;
Fun & Games;RECOVERING A FUMBLE;
Food & Drink;SHAREABLE APPETIZERS;
Here Kitty, Kitty!;CATNIP PANTHERS LION PAWS;
Phrase;PLEASE TELL ME WHERE I'M GOING PAT;
Occupation;RADIO ANNOUNCER;
Thing;MAJOR ACCOMPLISHMENT;
Phrase;DREAM BIG;
Phrase;WINTER IS COMING;
What Are You Doing?;SCORING POINTS;
Song Lyrics;RUDOLPH WITH YOUR NOSE SO BRIGHT;
It Glitters;GOLD SAPPHIRE SEQUINS GEMS;
Event;VISITING A POLYNESIAN RESTAURANT;
Place;MY HOMETOWN;
Landmarks;PRESIDENTIAL LIBRARIES;
Place;QUAINT COTTAGE;
People;FRIENDLY CAROLERS;
Phrase;REPEAT AFTER ME;
What Are You Doing?;GETTING A MANICURE AND FACIAL;
Same Name;HOCKEY AND CELERY STICK;
Event;A FABULOUS SAILBOAT CRUISE;
Around the House;MECHANICAL PENCIL;
Things;NATURAL INGREDIENTS;
Thing;IMPULSE PURCHASE;
Event;DINNERTIME;
Place;THE GRAND BALLROOM;
Food & Drink;SLOW-COOKED BABY BACK RIBS;
Before & After;WORK HARD PLAY HARD-BOILED EGGS;
Phrase;SAY GOODBYE TO YOUR WORRIES;
What Are You Doing?;ATTRACTING ATTENTION;
Fun & Games;RACING TO THE FINISH LINE;
Things;ANSWERS TO QUESTIONS;
Phrase;YOUNG AND HIP;
Living Things;FORGET-ME-NOTS;
Person;AVERAGE JOE;
In the Kitchen;CUTLERY RECIPE FRIDGE FORK CHEF;
Rhyme Time;CHICKEN WINGS & ONION RINGS;
What Are You Doing?;SEARCHING FOR THE BEST LASAGNA;
Place;BAMBOO FOREST;
Event;BOWLING A PERFECT GAME;
Phrase;MAKE IT HAPPEN;
Food & Drink;CATCH OF THE DAY;
Title;POPULAR SCIENCE;
What Are You Doing?;LOOKING FOR A GREAT DEAL;
Orange _____;MARMALADE GROVE TREE ZEST;
Phrase;I CAN'T WAIT TO STEP OFF THE PLANE;
Rhyme Time;OODLES OF NOODLES;
In the Kitchen;COPPER TEAKETTLE;
On the Map;AKRON OHIO;
Thing;DESSERT MENU;
Phrase;A HEART OF GOLD;
Place;WILLY WONKA'S CHOCOLATE FACTORY;
Taste Test;SWEET YUM TANGY SOUR TART;
Fun & Games;DANCING TO CALYPSO MUSIC;
Rhyme Time;DELICIOUS AND NUTRITIOUS;
What Are You Doing?;BATTING MY EYELASHES;
Thing;VIVID IMAGE;
What Are You Doing?;ORDERING FOR THE TABLE;
Thing;LUCKY BREAK;
Around the House;BLANKETS AND COMFORTERS;
Same Letter;SAUTEED SCALLOPS & STEAMED SHRIMP;
People;MY FELLOW VACATIONERS;
Show Biz;INDEPENDENT FILM;
Phrase;SUPPLY AND DEMAND;
Phrase;OUT ON THE PATIO;
On the Map;THE NORTH POLE;
In the Kitchen;GRANITE COUNTERTOPS;
Food & Drink;CANDIED YAMS WITH MARSHMALLOWS;
Before & After;SUPERMAN THE MAN OF STEEL DRUM MUSIC;
What Are You Doing?;HANGING OUT POOLSIDE;
Proper Name;REESE WITHERSPOON;
Phrase;I'M SPEECHLESS;
Event;BINGO PARTY;
Food & Drink;HOMEMADE COOKIES;
Around the House;COIN COLLECTION;
Occupation;CHIEF FINANCIAL OFFICER;
Here Comes Santa Claus;BLITZEN JOLLY SLEIGH TOYS;
Things;ABUNDANT SUNSHINE & WARM BREEZES;
What Are You Doing?;SWEETENING THE POT;
Event;A COMMAND PERFORMANCE;
Phrase;ALWAYS FAITHFUL;
Food & Drink;GINGERBREAD HOUSE;
Person;CAPTAIN OF THE TEAM;
Same Name;BASKETBALL & TRAFFIC COURT;
Song Lyrics;IF YOU'RE HAPPY AND YOU KNOW IT;
What Are You Doing?;RELAXING SWIMMING SIGHTSEEING;
Show Biz;ACTING LESSONS;
Things;NEW PAIR OF ICE SKATES;
Thing;BOLD IDEA;
Thing;GENTLY FALLING SNOW;
On the Map;ANNAPOLIS MARYLAND;
Food & Drink;SPICED CARAMEL APPLES;
Holiday Dinner;COOKBOOK LADLE NAPKINS SALT OVEN;
What Are You Doing?;WALKING ON A BLACK SAND BEACH;
Person;LONG-DISTANCE RUNNER;
Rhyme Time;CHEERS AND JEERS;
Around the House;CRYSTAL CHANDELIER;
Phrase;IN A GOOD GROOVE;
Movie Title;A CHRISTMAS STORY;
Show Biz;THE ROLE OF A LIFETIME;
Outside the Box;RIBBON WRAPPING BOW;
Rhyme Time;THREE LITTLE KITTENS THEY LOST THEIR MITTENS;
What Are You Doing?;ENJOYING AN AFTERNOON TEA;
Fun & Games;PLAYING TIC-TAC-TOE;
Event;LAST-MINUTE SHOPPING;
Person;BUSINESS OWNER;
Thing;VOCABULARY QUIZ;
On the Map;JEFFERSON CITY MISSOURI;
Phrase;YOU DESERVE A BREAK;
What Are You Doing?;EATING AT A ROADSIDE DINER;
Before & After;OVERLOOKED FLIGHT ATTENDANT;
Thing;THE GENTLE SURF OF THE CARIBBEAN;
Person;HALL OF FAMER;
Fun & Games;PLAYING TOUCH FOOTBALL;
Thing;SUPERB TECHNIQUE;
Food & Drink;NEW YORK STRIP STEAK;
Show Biz;FILM FESTIVAL;
What Are You Doing?;RESTORING A VINTAGE CAR;
Big _____;EASY BEN BROTHER SHOT BIRD;
Phrase;ONE ISLAND YOU WON'T WANT TO LEAVE;
Character;HARRY POTTER;
Song Lyrics;SAVE THE LAST DANCE FOR ME;
What Are You Doing?;MAKING AN APPOINTMENT;
Food & Drink;GEORGIA PEACH;
Place;CORNER STORE;
Song Title;YOU'RE A GRAND OLD FLAG;
Full _____;STOMACH MOON HOUSE TIME;
Phrase;IT'S A DREAM DESTINATION;
On the Map;OKLAHOMA CITY;
What Are You Doing?;SINGING AND DANCING;
Living Thing;BLUE WHALE;
Proper Name;KEIFER SUTHERLAND;
Place;PACKED AUDITORIUM;
Food & Drink;IDAHO POTATOES;
Proper Name;JIMMY FALLON;
Landmark;THE NATIONAL MALL IN WASHINGTON;
New Year's _____;TRADITION PHOTOS BASH KISS;
Living Things;WILD ORCHIDS & GIANT FERNS;
Thing;MODERN ART;
What Are You Doing?;READING A BEDTIME STORY;
What Are You Doing?;PRYING IT OPEN;
On the Map;FLORIDA KEYS;
Event;ANNUAL CONVENTION;
Show Biz;TOM HANKS STARS IN SULLY;
Before & After;PIGGY BANK TELLER;
What Are You Doing?;NAPPING IN THE SHADE OF A PALM TREE;
Place;AIR FORCE BASE;
Phrase;WHAT A GREAT YEAR;
Phrase;LOWER THE BOOM;
Phrase;HIT THE HIGHWAY;
Title;VANITY FAIR;
Song Lyrics;VACATION ALL I EVER WANTED;
Before & After;VICTORIA'S SECRET SERVICE;
What Are You Doing?;WAKING UP TO THE SOUND OF NATURE;
Fun & Games;SPACE INVADERS;
Show Biz;DAYTIME DRAMA;
Person;DAMSEL IN DISTRESS;
Place;GORGEOUS VINEYARD;
What Are You Doing?;TAKING SOME TIME OFF;
Food & Drink;LEMON SHORTBREAD;
Place;VINTAGE CLOTHING STORE;
Way to Go;ROUTE PATH TRAIL ROAD EXIT;
Phrase;IT'S A LITTLE PIECE OF HEAVEN;
Song/Artist;HOLIDAY BY MADONNA;
Thing;MANUAL TYPEWRITER;
TV Title;THE SIMPSONS;
Thing;FOOLPROOF METHOD;
Title;THE ROAD NOT TAKEN;
Person;HOCKEY GOALIE;
Same Letter;REST RELAX REFRESH REJUVENATE;
Rhyme Time;WINNER WINNER CHICKEN DINNER;
Phrase;BRING ME ALONG FOR THE RIDE;
Thing;DREAM SEQUENCE;
What Are You Doing?;KNITTING A SWEATER;
Characters;JACK AND JILL;
Phrase;BEYOND QUESTION;
Song Title;WORKING FOR THE WEEKEND;
Place;ORCHESTRA SECTION;
What Are You Doing?;SHOWCASING MY TALENTS;
Love _____;HANDLES NOTE SONG POEM;
Phrase;THIS IS NOT A STAYCATION;
In the Kitchen;COFFEE GRINDER;
Fun & Games;SCORING A TOUCHDOWN;
Phrase;HOME BEFORE DARK;
What Are You Doing?;LEAVING THE OFFICE EARLY;
Proper Name;BRUCE SPRINGSTEEN;
Cotton _____;SHEETS CANDY BOWL SWAB BALL;
Headline;BRIGHTEST SUPERMOON IN DECADES;
Fun & Games;DIVING FROM THE CATAMARAN;
Movie Title;DOCTOR STRANGE;
Phrase;YOU HEARD IT HERE FIRST;
Food & Drink;BISCUITS AND GRAVY;
Things;MIXED REVIEWS;
Rhyme Time;GREAT WAY TO START YOUR DAY;
Thing;FAVORITE RECIPE;
Fun & Games;HIKING THE APPALACHIAN TRAIL;
Piece of Cake;ICING SUGAR MILK EGGS;
Phrase;THIS CALLS FOR A CELEBRATION;
Around the House;FAMILY PHOTOGRAPHS;
Event;AMAZING MOMENT;
Thing;HANDY GUIDEBOOK;
People;FAMILY FARMERS;
Phrase;I'M AN OPTIMIST;
What Are You Doing?;IMPROVING MY FLEXIBILITY;
Same Letter;STARTERS SOUPS & SALADS;
Living Things;FLUTTERING BUTTERFLIES;
Thing;A HINT OF LIME;
Show Biz;HOLLYWOOD STUNTWOMAN;
Things;DAZZLING GOOD LOOKS;
Phrase;BURSTING WITH FLAVOR;
Thing;SUCCESS STORY;
Food & Drink;SPINACH PARSLEY LETTUCE AND WATERCRESS;
Staying Fit;CYCLING ROWING AEROBICS YOGA;
TV Quote;COME ABOARD WE'RE EXPECTING YOU;
Event;CHAMPIONSHIP GAME;
Rhyme Time;BEES FLEAS & MANATEES;
Thing;A QUIET BREAK;
Rhyme Time;RISE & ENERGIZE;
Song Lyrics;DREAM BABY DREAM;
Things;COOPERATION AND TEAMWORK;
Party _____;ANIMAL SUPPLIES BUS HATS;
Place;KONA INTERNATIONAL AIRPORT;
Around the House;OUTDOOR GAS GRILL;
Phrase;IT'S EASIER THAN YOU THINK;
Phrase;IN A VACUUM;
Phrase;NOTHING LIKE THE ORIGINAL;
Around the House;BRASS DOORKNOBS;
Show Biz;SMASH-HIT BROADWAY MUSICAL;
Same Name;CERAMIC AND FLYING SAUCERS;
Places;MAJESTIC VOLCANIC PEAKS;
Event;CASUAL FRIDAY;
Thing;ACADEMIC ACHIEVEMENT;
Phrase;HIGHLY GIFTED;
Landmark;FISHERMAN'S WHARF;
Fun & Games;FINGER PAINTING;
Show Biz;ACTORS WRITERS AND DIRECTORS;
Before & After;CAT GOT YOUR TONGUE TWISTER;
Phrase;MEET ME AT THE SWIMMING POOL;
Food & Drink;GREEN TEA LATTE;
What Are You Doing?;STAYING AFLOAT;
Proper Name;ROBERT REDFORD;
Around the House;PAPERBACK BOOKS;
Phrase;POLAR OPPOSITE;
Song Title;HOLLYWOOD NIGHTS;
Event;TACO TUESDAY;
Place;TOTALLY AWESOME SKATEBOARD PARK;
Computer _____;GRAPHICS PROGRAMMER CHIP CASE;
Phrase;MAKE YOUR DREAM A REALITY;
Rhyme Time;WORD NERD;
Fun & Games;CATCHING A BOOMERANG;
Phrase;WILD ABOUT THE IDEA;
Proper Name;SAN FRANCISCO GIANTS;
Living Thing;GOLDEN TROUT;
Night _____;LIGHT MANAGER GOWN LIFE;
Song Lyrics;BE SURE TO WEAR SOME FLOWERS IN YOUR HAIR;
Phrase;THE ROYAL TREATMENT;
Event;AVOCADO FESTIVAL;
Rhyme Time;FROCKS SMOCKS & STOCKS;
Phrase;BELOW THE HORIZON;
On the Map;VENICE BOULEVARD;
Food & Drink;CHICKEN AND WAFFLES;
Fun & Games;CRUISING IN A CONVERTIBLE;
One Name Only;BEYONCE ADELE RIHANNA CHER;
Living Things;JAGUARS AND PUMAS;
Proper Name;JENNIFER LAWRENCE;
Phrase;A LITTLE BREATHING ROOM;
Thing;SECRET INGREDIENT;
Thing;HUMAN BEHAVIOR;
Song Lyrics;SUCH A LOVELY PLACE;
Person;EARLY ADOPTER;
Same Letter;BOATS BIKINIS & BEACH BALLS;
Movie Title;FANTASTIC BEASTS AND WHERE TO FIND THEM;
What Are You Doing?;SINKING MY TOES IN THE SOFT SAND;
Living Thing;DESERT TORTOISE;
Event;TRIUMPHANT RETURN;
Phrase;DABBLING IN MAGIC;
On the Map;SWEDEN & SWITZERLAND;
Rhyme Time;MORE TO EXPLORE;
Around the House;CANDLEHOLDERS & CENTERPIECES;
Rock _____;LOBSTER CLIMBING WALL SONG;
What Are You Doing?;VISITING AN ELEPHANT SANCTUARY;
Food & Drink;SPANISH RICE;
Phrase;OH MY GOODNESS;
Phrase;ABOVE THE FRAY;
Things;FAMILIAR FACES;
Show Biz;BREAK A LEG;
Song Lyrics;CELEBRATE GOOD TIMES COME ON;
Before & After;BEHIND THE EIGHT BALL OF YARN;
Thing;EXTRAORDINARY ARCHITECTURE;
People;DIRECT ANCESTORS;
Phrase;IT'S A WIN-WIN FOR EVERYONE;
Living Things;BABY FOXES;
On the Map;AUSTRIA & AUSTRALIA;
Thing;SWEATER VEST;
Around the House;SILVER SERVING PLATTER;
Same Letter;BUDS BULBS & BLOSSOMS;
What Are You Doing?;DISCOVERING CENTRAL AMERICA;
Phrase;WE'RE BACK IN BUSINESS;
Food & Drink;SMOOTH PEANUT BUTTER;
Phrase;PLUG THE GAP;
Rhyme Time;CUBA & ARUBA;
In the Kitchen;SUGAR BOWL;
What Are You Doing?;BRIGHTENING UP THE ROOM;
It's All Greek to Me;MEDITERRANEAN OLIVES BETA ZEUS;
Place;THE WILDERNESS OF SCANDINAVIA;
People;AUTHORS & POETS;
Thing;ADRENALINE RUSH;
Phrase;I BOUGHT A FEW GIFTS;
On the Map;TOKYO & KYOTO JAPAN;
Show Biz;SCENE-STEALERS;
_____ List;LAUNDRY GROCERY WINE PLAY;
Rhyme Time;SARDINES & TANGERINES;
Things;ICE FIELDS WATERFALLS GLACIERS;
Around the House;GRAVY BOAT AND LADLE;
Phrase;ROLL WITH THE TIDE;
Phrase;OUR FIRST VOYAGE;
Phrase;HELLO SUNSHINE;
Fun & Games;DISCO DANCING;
Living Things;DANDELIONS & TIGER LILIES;
Same Name;SEATTLE AND KERRY WASHINGTON;
Place;ROMANTIC SIDEWALK CAFE;
Characters;HANSEL AND GRETEL;
Song Lyrics;I WILL ALWAYS LOVE YOU;
Person;AMATEUR SLEUTH;
Event;SILENT AUCTION;
What Are You Doing?;PAYING A VISIT;
Phrase;TURN UP THE TEMPERATURE;
Thing;COMPANY LETTERHEAD;
What Are You Doing?;RENEWING MY SUBSCRIPTION;
_____ Ring;ENGAGEMENT ONION EMERALD MOOD;
Place;A GREAT SPOT FOR A PICNIC;
People;FAMOUS COUPLES;
Fun & Games;RIDING A MERRY-GO-ROUND;
Around the House;EMBROIDERED TOWELS;
Phrase;IN ABOUT AN HOUR;
Phrase;SPRING HAS SPRUNG;
Thing;OFFICIAL FAN CLUB;
That's Great;GATSBY ALEXANDER WALL DANE;
What Are You Doing?;ROLLING ON THE FLOOR LAUGHING;
Fun & Games;BUILDING A SAND SCULPTURE;
Rhyme Time;TUTTI-FRUTTI;
Event;BREAKING A RECORD;
Thing;GLOB OF PAINT;
Song Lyrics;SUM SUM SUMMERTIME;
Thing;ENGRAVED INVITATION;
Phrase;OPPORTUNITY IS KNOCKING;
Before & After;COVERED BRIDGE TOURNAMENT;
What Are You Doing?;HEADING TO THE BEACH;
Person;REGULAR CUSTOMER;
Rhyme Time;SARASOTA & MINNESOTA;
Phrase;WITHOUT A WORD;
Phrase;BRING THE HEAT;
People;HAPPY FAMILY;
Thing;CONTEMPORARY ART COLLECTION;
_____ Yard;BARN SCOTLAND BACK JUNK;
Fun & Games;ALL SORTS OF WATERSPORTS;
Living Things;GRASSHOPPERS;
On the Map;CHESAPEAKE BAY;
Thing;PREVIOUS JOB;
Things;LUXURY SEATS;
Person;EXPERT IN THE FIELD;
What Are You Doing?;LIVING A LAVISH LIFESTYLE;
Apple _____;FRITTER TURNOVER CART TREE;
Phrase;I FEEL TRANSPORTED;
Show Biz;BACKUP DANCERS;
Rhyme Time;A LOCKET IN YOUR POCKET;
Show Biz;AUDITIONING;
What Are You Doing?;FLYING ON A PRIVATE JET;
Thing;THE HOPE DIAMOND;
Food & Drink;SLOW-ROASTED PRIME RIB;
Before & After;FUR COAT OF PAINT;
Things;PAILS SHOVELS & POOL TOYS;
Living Things;BIRDS OF PARADISE;
Show Biz;TAKING CENTER STAGE;
Event;AMAZING TRANSFORMATION;
Thing;AERIAL PHOTO;
Thing;EXCLUSIVE MEMBERSHIP;
On the Map;PARIS FRANCE;
Headline;BOB DYLAN WINS THE NOBEL PRIZE;
Golf _____;COURSE EQUIPMENT TEE CLUB;
Phrase;GETTING THERE IS HALF THE FUN;
Occupation;FINANCIAL ADVISOR;
What Are You Doing?;KEEPING THE BALL ROLLING;
Phrase;CAUGHT A GLIMPSE;
Things;FIRST-CLASS TICKETS;
Fun & Games;PLAYING POLO;
Phrase;STRANGER THINGS HAVE HAPPENED;
_____ Free;DAIRY GLUTEN TOLL DUTY;
Food & Drink;FLAVORFUL COSTA RICAN DISHES;
What Are You Doing?;SNAPPING MY FINGERS;
Occupation;INVESTMENT BANKER;
Phrase;MOVE ALONG;
Food & Drink;LOBSTER TAILS;
What Are You Doing?;WINDOW-SHOPPING;
Song Lyrics;I'VE GOT THE BRAINS YOU'VE GOT THE LOOKS;
Same Letter;MAGNIFICENT MALIBU MANSION;
Phrase;IT'S AT THE TOP OF MY LIST;
Things;CROWN JEWELS;
Events;EXTRAVAGANT PARTIES;
Phrase;HIGHEST QUALITY;
Fun & Games;DANCING ON THE DECK;
Person;ASPIRING ARTIST;
Food & Drink;FLUFFY VANILLA CAKE;
_____ Show;BROADWAY AUTO GAME BOAT;
Phrase;THE LUCK OF THE IRISH;
Show Biz;BRAVO BRAVO;
What Are You Doing?;SOLVING THIS PUZZLE;
Phrase;YOU DO THE MATH;
What Are You Doing?;PULLING INTO PORT;
Things;HUGS AND KISSES;
Fun & Games;FIRING A CONFETTI CANNON;
Same Letter;SHORTS SANDALS & SWIMSUITS;
Phrase;IT'S PINEAPPLE SEASON;
Rhyme Time;SWEET TREAT;
Person;THE NEW CHAMPION;
People;ADVISORY GROUP;
People;GUESTS OF ALL AGES;
Thing;CAPTIVATING STORY;
Fun & Games;MAKING BALLOON ANIMALS;
Double _____;DIPPING DECKER BED CHIN;
Phrase;THIS IS GOING TO BE EXCITING;
Show Biz;MOVIE STUDIO;
Living Things;FRESHWATER FISH;
Thing;AMPLIFIED MUSIC;
Phrase;LET'S HAVE SOME FUN;
People;DELIGHTFUL CHILDREN;
What Are You Doing?;SHARING OUR PHOTOS ONLINE;
A Whole New World;LOVE ARABIA PRINCESS LAMP;
Place;A SURFING PARADISE;
In the Kitchen;MONOGRAMMED MUG;
Rhyme Time;FERRETS AND PARROTS;
Phrase;WAY OUT OF BOUNDS;
Phrase;ON THE HIGH SEAS;
Character;LUKE SKYWALKER;
Before & After;HAPPY AS A CLAM CHOWDER;
Show Biz;CRITICALLY ACCLAIMED FILM;
Places;ENCHANTING HARBORS;
Living Thing;LAUGHING HYENA;
What Are You Doing?;MAKING MEMORIES;
Phrase;FAR FROM OVER;
Rhyme Time;LOTS OF SUN LOTS OF FUN;
Food & Drink;GRILLED FISH TACOS;
____ Bar;SALAD PROTEIN GOLD TIKI;
Song Lyrics;IT NEVER RAINS IN SOUTHERN CALIFORNIA;
Phrase;YOU WON'T WANT TO COME HOME;
Proper Name;TED DANSON;
Place;PRESIDENTIAL LIBRARY;
Things;CHARTS & GRAPHS;
Place;OUR HANGOUT;
Living Things;GRAY WHALES;
Food & Drink;A CUP OF GREEN TEA;
Proper Name;OLYMPIC GOLD MEDALIST SHAUN WHITE;
Corn _____;CHOWDER SYRUP COBS DOGS;
Phrase;THE CHANCE OF A LIFETIME;
On the Map;THE PACIFIC COAST;
Fun & Games;RUNNING THE RAPIDS;
People;POWER COUPLE;
Place;AMERICA'S FINEST CITY;
Around the House;COFFEE-TABLE BOOK;
Thing;VICTORIAN ARCHITECTURE;
Same Letter;CHOCOLATE-COVERED CHERRIES;
What Are You Doing?;UNWINDING ON MY PRIVATE BALCONY;
Occupation;CERTIFIED NUTRITIONIST;
Phrase;IT ALL MAKES SENSE NOW;
Things;YOGA PANTS;
Living Things;SEA LIONS;
Event;A SPECIAL OCCASION;
Places;STREETS LINED WITH PALM TREES;
Water _____;BUFFALO SLIDE BED FALL;
What Are You Doing?;TOURING THE TOWER OF LONDON;
Around the House;A PAIR OF BINOCULARS;
Phrase;I THINK IT'S MY TURN;
Thing;GOPHER HOLE;
Place;HISTORIC LIGHTHOUSE;
What Are You Doing?;PLAYING BY THE RULES;
Song Lyrics;WHERE THE TURF MEETS THE SURF;
Before & After;CRY LIKE A BABY BOOMER;
Phrase;FEEL THE STRESS LEAVE YOUR BODY;
People;TALENTED PERFORMERS;
Event;WINNING AN AWARD;
Food & Drink;STRAWBERRIES AND CREAM;
Phrase;I MADE A PROMISE;
Phrase;I HAVE YOUR BACK;
Thing;ESSAY QUESTION;
What Are You Doing?;FINISHING EACH OTHER'S SENTENCES;
Same Letter;SENDING SILLY SCREENSHOTS;
Fun & Games;CATCHING A FRISBEE ON THE BEACH;
Person;OUR FAVORITE TEACHER;
Rhyme Time;SLOPPY JOE & COOKIE DOUGH;
What Are You Doing?;FLIPPING A COIN;
People;TERRIFIC TEAMMATES;
Place;CONVENIENCE STORE;
What Are You Doing?;QUENCHING MY THIRST;
Opposites;START BOTTOM STOP TOP;
Phrase;LOOK WHO'S GOING TO HAWAII;
Star & Role;BEN AFFLECK AS BATMAN;
Things;ALGEBRA AND CALCULUS;
Phrase;DURING THE BREAK;
Phrase;ON OUR BEST BEHAVIOR;
Thing;SCHOOL CALENDAR;
Round & Round;CIRCLE DOUGHNUT HOOP RING;
What Are You Doing?;WRITING A LETTER TO MY FUTURE SELF;
Place;THE COOLEST WATER PARK;
Proper Name;ZAC EFRON;
Fun & Games;MAKING UP DANCE MOVES;
On the Map;MILWAUKEE WISCONSIN;
Thing;BODYBUILDING;
Phrase;KEEPING IT REAL;
Proper Name;RYAN REYNOLDS;
Same Name;SELFIE & POPSICLE STICK;
Phrase;WHAT'S MINE IS YOURS AND WHAT'S YOURS IS MINE;
Living Things;DOLPHINS LEAPING OUT OF THE OCEAN;
On the Map;JACKSON HOLE WYOMING;
Thing;TIME CAPSULE;
Phrase;CLOGGED UP;
What Are You Doing?;JUST HANGING OUT;
On the Map;NEW HAMPSHIRE;
Movie Title;ROGUE ONE: A STAR WARS STORY;
LOL;CARTOONS COMEDIAN GAG JOKE;
Phrase;IT'S SUMMERTIME SOMEWHERE;
Fun & Games;PHOTOBOMBING;
Things;PROM DRESS & TUXEDO;
Living Things;GIRAFFES AND ZEBRAS;
Thing;VALUABLE INFORMATION;
Places;VENICE CANALS;
Living Things;FLOCK OF SHEEP;
Same Name;KEY LIME & CUTIE PIE;
Proper Name;EXPLORER MARCO POLO;
Fun & Games;NIGHTS FULL OF MUSIC AND DANCING;
Around the House;LINEN NAPKINS;
Phrase;SPEAK INTO THE MICROPHONE;
Show Biz;REUNION CONCERT;
Phrase;RIGHT BEHIND YOU;
Proper Name;MICHELANGELO;
Things;MYTHS & LEGENDS;
Feeling Fuzzy;LOGIC SLIPPERS RUGS DICE;
Rhyme Time;MACARONI RIGATONI PEPPERONI;
Place;HAWAII'S GARDEN ISLAND;
What Are You Doing?;CATCHING MY SECOND WIND;
Event;FASHION SHOW IN MILAN;
Phrase;AND THE REST IS HISTORY;
People;GROWN KIDS;
On the Map;ROME & FLORENCE;
Around the House;WHITE TABLECLOTH;
Event;ROMANTIC GONDOLA RIDE;
Same Letter;TOTS TWEENS & TEENS;
Rhyme Time;SMILING FACES BEAUTIFUL PLACES;
Places;MERCURY & VENUS;
What Are You Doing?;MAKING A CLEAN GETAWAY;
Thing;FAVORITE PHOTO;
Phrase;THE GOOD LIFE;
People;FAMOUS OPERA SINGERS;
Title;THE TWO GENTLEMEN OF VERONA;
Mother _____;HUBBARD NATURE HEN DEAR;
What Are You Doing?;ENJOYING THE WARMTH OF ALOHA;
Place;SOCCER STADIUM;
Thing;HEART-SHAPED PENDANT;
Phrase;BARELY MADE IT;
Best Seller;THE DA VINCI CODE;
Food & Drink;FRESH FRUIT SALAD;
Thing;A WATCH WITH ROMAN NUMERALS;
Hanging Around the House;MIRRORS TOWELS COAT CATS;
Phrase;I THINK I'LL SPEND THE DAY IN A HAMMOCK;
Living Things;ROSES & VIOLETS;
What Are You Doing?;BIDDING A FOND FAREWELL;
Place;BANQUET HALL;
Person;MY BIGGEST FAN;
On the Map;WICHITA KANSAS;
What Are You Doing?;BENDING THE RULES;
Character;THE BOY WHO CRIED WOLF;
Breakfast _____;POTATOES BURRITO NOOK MENU;
Phrase;MAKE SURE TO CLEAR YOUR CALENDAR;
Person;STUDENT OF HISTORY;
Event;MONUMENTAL VICTORY;
Phrase;GET BACK TO BASICS;
Living Thing;BOSTON TERRIER;
Fun & Games;BADMINTON NET;
What Are You Doing?;WATCHING OUR FAVORITE MOVIE;
On the Map;BOLIVIA BRAZIL & ARGENTINA;
Rhyme Time;GOOD MOOD ISLAND FOOD;
Song Title;CALIFORNIA GIRLS;
Phrase;GUESS WHO'S IN THE LEAD;
Thing;OFFICE JARGON;
Place;THE HAWKEYE STATE;
Living Things;TEAM OF HORSES;
Phrase;A FLAIR FOR THE DRAMATIC;
_____ Bear;POLAR PANDA CHICAGO PAPA;
People;TRADITIONAL POLYNESIAN DANCERS;
Thing;EXTERNAL HARD DRIVE;
Characters;MIGHTY HEROES;
Phrase;VAST QUANTITY;
On the Map;OMAHA NEBRASKA;
Event;CHILI COOK-OFF;
Song Lyrics;OOH WHAT A LUCKY MAN;
Before & After;CRYSTAL BALL AND CHAIN;
Place;UNSPOILED RAIN FOREST;
Living Thing;CHIMPANZEE;
In the Kitchen;CAKE STAND AND COVER;
Phrase;GRAB YOUR PHONE;
On the Map;THE STATE OF VERMONT;
Phrase;HOLD YOUR HORSES;
Rhyme Time;I'M LOOKING OVER A FOUR-LEAF CLOVER;
Under the Weather;PONCHO UMBRELLA TARP COAT;
What Are You Doing?;PACKING MY SNORKELING GEAR;
Person;ROVING REPORTER;
Quotation;THE PURSUIT OF HAPPINESS;
Phrase;WITHIN A YEAR;
What Are You Doing?;ADDING A PERSONAL TOUCH;
Things;LIPSTICK & MASCARA;
Title;THE ADVENTURES OF HUCKLEBERRY FINN;
Before & After;CATTLE DRIVE-THROUGH WINDOW;
Phrase;I LOVE IT WHEN THAT HAPPENS;
Food & Drink;HUSH PUPPIES;
People;TALKING TODDLERS;
In the Kitchen;REFRIGERATOR MAGNETS;
Event;WEEKEND BRUNCH;
Phrase;PACK YOUR BAGS;
What Are You Doing?;HOLDING THE DOOR;
Phrase;BLESS YOUR HEART;
Title;A STREETCAR NAMED DESIRE;
Sticky _____;FINGERS WICKET RICE NOTE;
Fun & Games;YACHTING FISHING GOLFING;
Thing;PERFECT POSTURE;
Characters;THE THREE LITTLE PIGS;
Things;BOYISH LOOKS;
Phrase;PRETTY AS A PEACH;
Rhyme Time;SPIN AND WIN;
Song Lyrics;WHISPER WORDS OF WISDOM;
Before & After;CHARLOTTE'S WEB PAGE;
Event;TOURING THE GARDENS BY MOONLIGHT;
Thing;CHANGE PURSE;
Food & Drink;SWEET POTATO BISCUITS;
Thing;UNIVERSAL APPEAL;
Around the House;FLOWERS IN A VASE;
Rhyme Time;YUMMY IN MY TUMMY;
Food & Drink;THE BEST BARBECUE CHICKEN;
On My Desk;PHONE MOUSE BILLS PENS;
Things;VIDEOS FROM OUR TRIP;
Person;PARTY HOST;
Phrase;TILL THE COWS COME HOME;
Occupation;TRAIN CONDUCTOR;
Thing;MATH FORMULA;
What Are You Doing?;RETURNING THE FAVOR;
Phrase;STAND UP STRAIGHT;
Thing;GENEROUS HOSPITALITY;
Things You Ride;AIRPLANE CAMEL BIKE WAVE;
People;VACATIONERS & HONEYMOONERS;
Around the House;STAMP COLLECTION;
Living Things;SHEEPDOG AND CATFISH;
Phrase;HIGH POINT OF MY DAY;
Landmark;EMPIRE STATE BUILDING;
Places;HIP NEIGHBORHOODS;
Headline;MIRACLE ON THE HUDSON;
Big _____;APPLE LEBOWSKI MAMA DEAL;
What Are You Doing?;RENTING A CONVERTIBLE;
Things;WALKING SHOES;
Fun & Games;TEXTING A SMILEY FACE;
Phrase;MAKE WAY;
Occupation;HOT DOG VENDOR;
What Are You Doing?;LOOKING FOR MY KEYS;
Person;A MAN WHO NEEDS NO INTRODUCTION;
Same Name;MATING & CLOSE CALL;
Phrase;WHAT AIRPORT SHOULD WE HEAD INTO?;
Place;MAIN LOBBY;
Thing;HEALTHY COMPETITION;
Phrase;BACK ON TOP;
On the Map;PARK AVENUE;
Food & Drink;PASTRAMI SANDWICH;
Don't Break It;HEART LAW PROMISE RULE;
Fun & Games;ICE-SKATING AT ROCKEFELLER CENTER;
Phrase;AMAZING IS AN UNDERSTATEMENT;
Occupation;DISTRICT MANAGER;
Things;CUTTING-EDGE DEVELOPMENTS;
Thing;POPULAR QUOTE;
Landmark;GRAND CENTRAL TERMINAL;
Phrase;RIGHT ON THE MONEY;
Fun & Games;RIDING A BIKE ACROSS THE BROOKLYN BRIDGE;
Before & After;HUMPTY DUMPTY SAT ON A WALL STREET BROKER;
Place;DIVERSE HABITAT;
Person;BALLET DANCER;
Thing;STIMULATING CONVERSATION;
What Are You Doing?;WEIGHING OPTIONS;
Place;THE CITY THAT NEVER SLEEPS;
Phrase;SO MANY MUSEUMS;
What Are You Doing?;ARRIVING FASHIONABLY LATE;
Long _____;UNDERWEAR ISLAND JUMP HAUL;
Thing;FANTASTIC SUNBATHING WEATHER;
Around the House;BOTTLE OPENER;
Show Biz;SATURDAY NIGHT LIVE HOST;
Phrase;OUT OF YOUR COMFORT ZONE;
Place;SPLASH MOUNTAIN;
What Are You Doing?;WINNING THE RACE;
Things;CLOUDS THAT LOOK LIKE ANIMALS;
Happy Birthday!;WISH PRESENTS CAKE GIFT;
Phrase;WE COULD GET USED TO THIS;
Show Biz;ENCORE ENCORE;
People;COWBOYS AND COWGIRLS;
What Are You Doing?;WORKING OUT THE KINKS;
Character;SNOW WHITE;
Food & Drink;SLICE OF CANTALOUPE;
At the Movies;POPCORN TRAILERS SODA KIDS;
Fun & Games;RUNNING THROUGH SPRINKLERS;
Phrase;THE POSSIBILITIES ARE ENDLESS;
Living Thing;HONEYSUCKLE BUSH;
Event;GETTING A PROMOTION;
Phrase;YOU READ MY MIND;
Movie Title;SWISS FAMILY ROBINSON;
Person;THAT SPECIAL SOMEONE;
Fun & Games;SETTING UP A LEMONADE STAND;
Same Letter;CRISPY CRUNCHY CARROTS;
Phrase;CAN'T WAIT TO TELL THE GRANDCHILDREN;
Thing;OUR FAVORITE SHOW;
What Are You Doing?;FINISHING STRONG;
Thing;APPROVING NOD;
Place;ADVENTURELAND;
Person;SILENT PARTNER;
Phrase;JUST A STONE'S THROW AWAY;
Under the Sea;BUBBLES PLANKTON TUNA NEMO;
What Are You Doing?;TAKING A TAXI TO THE AIRPORT;
Fun & Games;CLIMBING A TREE;
Living Things;RED CARNATIONS;
Phrase;CHOOSE WISELY;
Movie Title;THE FOX AND THE HOUND;
Things;LATITUDE AND LONGITUDE;
Places;WORLD FAMOUS RESTAURANTS;
Same Name;BABY AND CHILI POWDER;
Phrase;OUR FRIENDS WILL BE SO JEALOUS;
What Are You Doing?;ASKING FOR DIRECTIONS;
Events;BACK-TO-BACK VICTORIES;
Thing;EXCLUSIVE OFFER;
On the Map;FORT WAYNE INDIANA;
What Are You Doing?;BRAINSTORMING;
Title;LITTLE HOUSE ON THE PRAIRIE;
Before & After;LOOK ON THE BRIGHT SIDE OF BACON;
Phrase;I'LL BE BACK IN A WEEK OR TWO;
Around the House;LAWN FURNITURE;
Place;SCHOOL PLAYGROUND;
Phrase;BUNDLE UP;
On the Map;LITTLE ITALY;
What Are You Doing?;GETTING ORGANIZED;
Show Biz;HIT BROADWAY MUSICAL HAMILTON;
Last _____;CHANCE MINUTE DANCE NAME;
Phrase;THEY HAVE THE BEST FOOD IN THE WORLD;
Food & Drink;BOWL OF CHERRIES;
Thing;PERFECT TRACK RECORD;
Phrase;AMONG OTHER THINGS;
On the Map;GREAT SALT LAKE;
Thing;PROPER INTRODUCTION;
Headline;PATRIOTS WIN THEIR FIFTH SUPER BOWL;
Same Name;LAUNDRY & BUCKET LIST;
Food & Drink;COCONUTS AND SUGARCANE;
Fun & Games;BUILDING BLOCKS;
What Are You Doing?;KEEPING GOOD COMPANY;
Thing;VICTORY DANCE;
Event;THE KENTUCKY DERBY;
Show Biz;PERFORMING A MAGIC TRICK;
Before & After;SNAP CRACKLE POP CULTURE;
Phrase;WE'RE NOT OUT OF THE WOODS YET;
Place;SMACK-DAB IN THE MIDDLE OF THE SEA;
Thing;NEWSPAPER HEADLINE;
Characters;THE MUPPETS;
Proper Name;ANDERSON COOPER;
Phrase;FIX IT UP;
On the Map;NASHVILLE TENNESSEE;
What Are You Doing?;SETTING THE TABLE;
Things;HAND PUPPETS & MARIONETTES;
Dark _____;HORSE CHOCOLATE ROOM AGES;
Fun & Games;HIKING BIKING RAFTING;
Proper Name;SCARLETT JOHANSSON;
Rhyme Time;EAGLES & BEAGLES;
Thing;A PIECE OF ADVICE;
Things;CHARGERS & ADAPTERS;
Food & Drink;CANADIAN BACON;
Song Lyrics;I'VE BEEN EVERYWHERE MAN;
Which Way?;LEFT SOUTH RIGHT EAST;
What Are You Doing?;LOUNGING AT THE PIANO BAR;
Person;ROCK CLIMBER;
Phrase;LET'S MAKE SOME NOISE;
Show Biz;LIVE PERFORMANCE;
Thing;HARD WORK;
On the Map;CAIRO EGYPT;
Phrase;KEEP YOUR EYE ON THE BALL;
Fun & Games;RUNNING THE OBSTACLE COURSE;
Lots And Lots Of Boxes;CARDBOARD TOOL MAIL SOAP;
Food & Drink;REFRESHING GUAVA PUNCH;
Thing;POCKET DICTIONARY;
What Are You Doing?;GETTING ALL DRESSED UP;
Phrase;WAY OVER YONDER;
On the Map;BANGKOK THAILAND;
Around the House;NEEDLE AND THREAD;
Song Lyrics;BABY WE WERE BORN TO RUN;
I'm Thirsty;MILKSHAKE LEMONADE GULP SODA;
Thing;UNIQUE LOCAL ACCENT;
Food & Drink;ENGLISH MUFFIN;
Place;THE WINNER'S CIRCLE;
Place;VINTAGE BOUTIQUE;
On the Map;CAPE TOWN SOUTH AFRICA;
Rhyme Time;PACK A SNACK;
Phrase;GETTING THE ATTENTION I DESERVE;
Before & After;DO YOU SPEAK FRENCH TOAST;
Things;NATURE AND NIGHTLIFE;
Person;BOSOM BUDDY;
Song Title;DON'T WORRY BE HAPPY;
Person;HARMONICA PLAYER;
On the Map;MEXICO CITY;
Food & Drink;CRISPY GARLIC BREAD;
What Are You Doing?;PUTTING MY BEST FOOT FORWARD;
Before & After;PEKING DUCK AND COVER;
Living Things;COLORFUL CORAL REEFS;
Thing;TRAVEL HAIR DRYER;
Event;FINISHING A MARATHON;
Person;PART-TIME STUDENT;
Thing;FLICKERING BULB;
TV Title;MIAMI VICE;
Around the House;SHOWER GEL;
Thing;HANDWRITTEN THANK-YOU NOTE;
Before & After;GENIE IN A BOTTLE-NOSED DOLPHIN;
Fun & Games;SCUBA DIVING ALL DAY LONG;
Character;THE COWARDLY LION;
What Are You Doing?;WORKING UP A SWEAT;
Phrase;DON'T ROCK THE BOAT;
Thing;MAJOR IMPACT;
Place;TERRIFIC TALLAHASSEE;
Thing;COLORING BOOK;
Head Over Heels;SOMERSAULT TUMBLE ROLL FLIP;
Living Thing;GOLDEN RETRIEVER WAGGING ITS TAIL;
Food & Drink;DELICIOUS WINE AND SEAFOOD;
Phrase;THE MOMENT OF TRUTH;
Rhyme Time;NOODLES & STRUDELS;
What Are You Doing?;MAKING RESERVATIONS;
Phrase;JOIN THE PARTY;
Phrase;HOME SWEET HOME;
Event;STREET FESTIVAL;
Quotation;I DO NOT LIKE GREEN EGGS AND HAM;
Same Letter;WHO WHAT WHERE WHEN & WHY;
What Are You Doing?;CHOOSING AN ARRIVAL DATE;
Occupation;SHORT-ORDER COOK;
In the Kitchen;CERAMIC COFFEE MUG;
Thing;GOOD QUESTION;
Proper Name;TAMPA BAY BUCCANEERS;
Things;STOCKS & BONDS;
On Fire!;MARSHMALLOWS MATCHES LOGS WICK;
What Are You Doing?;PEELING AN ORANGE;
On the Map;ATLANTIC & PACIFIC OCEANS;
Person;CROSSING GUARD;
Rhyme Time;THAT MAY TAKE THE CAKE;
Around the House;DECORATIVE PILLOWS;
Phrase;INFORMATION OVERLOAD;
On the Map;THE EVERGLADES;
Occupation;PERSONAL TRAINER;
Fun & Games;PITCHING HORSESHOES;
The Eyes Have It;PUPILS LASHES LIDS BAGS;
Food & Drink;TROPICAL FRUIT SMOOTHIE;
Proper Name;ERNEST HEMINGWAY;
Things;SCIENCE AND TECHNOLOGY;
Phrase;LET'S COOPERATE;
Phrase;POISED TO WIN;
Phrase;WELCOME TO THE ALOHA STATE;
Event;WEDDING CEREMONY;
Same Letter;PALMS PINEAPPLES PARADISE;
What Are You Doing?;TAKING A TOUR OF A COFFEE FARM;
Places;SUBLIME BLUE LAGOONS;
Fun & Games;BUNGEE JUMPING;
Around the House;SOFT COTTON BATHROBE;
Thing;VIVID COLOR;
Things;ROARING WATERFALLS;
Event;COSTUME CONTEST;
Food & DrinK;CUPCAKES WITH SPRINKLES;
In Hot Water;LOBSTER PASTA TEA RICE;
Places;BREATHTAKING NATIONAL PARKS;
Proper Name;JOHNNY DEPP;
Around the House;BABY PICTURES;
Phrase;JUST A QUICK PEEK;
Fun & Games;HULA DANCING;
Show Biz;CAST OF CHARACTERS;
Song Lyrics;RUBBER DUCKIE YOU'RE THE ONE;
I'm On Top Of It;WORLD VOLCANO HILL ROOF;
Things;ANCIENT MAYAN RUINS;
People;HAPPY CAMPERS;
Food & Drink;HOT BUTTERED POPCORN;
Things;PUFFY CHEEKS;
Fun & Games;GOING PADDLEBOARDING;
Things;PEARL EARRINGS;
Dreams;AMERICAN SWEET DAY PIPE;
Events;THE MOST BEAUTIFUL SUNSETS;
What Are You Doing?;GAZING AT DRAMATIC LANDSCAPES;
Place;MILKY WAY GALAXY;
Phrase;I'M WALKING ON AIR;
Thing;MY FAVORITE HANDBAG;
Places;WHITE SAND BEACHES;
People;TOTAL STRANGERS;
Phrase;SITTING ON A GOLD MINE;
Before & After;MACADAMIA NUTS AND BOLTS;
Fun & Games;WADING IN TURQUOISE WATER;
Event;TALENT SEARCH;
Thing;BUSINESS PROPOSITION;
In the Kitchen;ICE CUBES TRAYS & MOLDS;
Thing;PAVED ROADWAY;
Phrase;I FEEL FANTASTIC;
Food & Drink;WARM APPLE TURNOVER;
Thing;REJUVENATING BODY WRAP;
Same Name;STEAM AND WIGGLE ROOM;
Fun & Games;FLYING A KITE ON THE BEACH;
Living Thing;MINIATURE POODLE;
What Are You Doing?;CARRYING THE DAY;
Thing;PROM GOWN;
What Are You Doing?;TAKING A MUD BATH;
Thing;GUILTY PLEASURE;
Food & Drink;EGG WHITE SPINACH OMELET;
Before & After;LUCKY BREAK DANCING;
Phrase;IT DOESN'T GET BETTER THAN THAT;
Character;SPONGEBOB SQUAREPANTS;
Around the House;FULL-LENGTH MIRROR;
Phrase;BACK AT WORK;
Things;ROBES & SLIPPERS;
Place;GUEST BEDROOM;
Red _____;CARPET VELVET EYE WINE;
What Are You Doing?;BIDDING IN AN ONLINE AUCTION;
Phrase;THIS IS ONE HAPPY ISLAND;
Rhyme Time;MY FUNNY HONEY;
Living Things;MORNING GLORIES;
Thing;HOT PROPERTY;
What Are You Doing?;GETTING COMFORTABLE;
Phrase;BE STILL MY HEART;
Food & Drink;CRANBERRY ORANGE SCONES;
Got Milk?;ORGANIC SOY GOAT SKIM;
Things;TRULY SPECTACULAR VIEWS;
Proper Name;TOM SELLECK;
Person;PERFECT GENTLEMAN;
On the Map;BUFFALO AND ITHACA;
Fun & Games;CIRCUIT TRAINING;
Thing;COMPETITIVE EDGE;
Phrase;I HAVE THIS DOWN TO A SCIENCE;
Wild _____;TURKEYS FLOWERS WEST OATS;
Living Things;BUTTERFLIES AND TREE FROGS;
Food & Drink;BLUEBERRY MUFFIN;
What Are You Doing?;HITTING THE HIGH NOTES;
On the Map;BOULDER COLORADO;
Place;MAIN STREET;
Phrase;MOVE FORWARD;
Song Title;AND ALL THAT JAZZ;
Phrase;HALF EMPTY OR HALF FULL?;
Headline;CHICAGO CUBS WORLD SERIES CHAMPIONS;
Same Letter;PROFESSIONAL PARTY PLANNER;
What Are You Doing?;KICKING BACK IN MY CABANA;
Thing;OPRAH'S BOOK CLUB;
Food & Drink;ITALIAN BEEF SANDWICH;
Place;BEAUTY PARLOR;
Thing;PACKAGE DEAL;
Place;MAGNIFICENT MILE;
What Are You Doing?;LIVING THE DREAM;
May I Have This Dance?;TANGO SALSA POLKA TAP;
Proper Name;BASKETBALL LEGEND MICHAEL JORDAN;
Phrase;SOME THINGS YOU'LL NEVER FORGET;
Food & Drink;CREAM OF WHEAT;
Occupation;ENGLISH PROFESSOR;
Phrase;THE UPPER HAND;
Song Lyrics;MY KIND OF TOWN;
Proper Name;VINCE VAUGHN;
Food & Drink;TRIPLE CHOCOLATE BROWNIE;
Off the Top Of My Head;CROWN TOUPEE HAT CAP;
Things;BIKINIS AND BOARD SHORTS;
What Are You Doing?;HOLDING ALL THE CARDS;
Phrase;KNOCK IT OUT OF THE PARK;
Occupation;AEROSPACE ENGINEER;
Phrase;WALK ON BY;
On the Map;LAKE SHORE DRIVE;
Phrase;PLEASED AS PUNCH;
Food & Drink;PLENTY OF PIZZA PUFFS;
Super!;HERO VILLAIN BOWL MAN;
Event;A DAY OF SUNSHINE AND SMILES;
Occupation;PRIVATE EYE;
Things;BRAGGING RIGHTS;
Phrase;GO WITH YOUR FIRST CHOICE;
Food & Drink;CRACKER JACK;
Show Biz;SEQUELS & PREQUELS;
Around the House;SPRING FLOWER ARRANGEMENT;
Before & After;SNOW WHITE SOX;
Place;EXCEPTIONAL LOCATION;
Things;SILVER DOLLARS;
Rhyme Time;BEAGLES AND RETRIEVERS;
Phrase;TOUGH ACT TO FOLLOW;
Phrase;OUT OF FOCUS;
Landmark;FENWAY PARK;
Star & Role;MATT DAMON AS JASON BOURNE;
Headline;INCREDIBLE OVERTIME VICTORY;
Snow _____;MOBILE GLOBE CONE PEAS;
Event;THE IDEAL HOLIDAY;
What Are You Doing?;PLAYING FOR KEEPS;
Phrase;SWEET SMELL OF SUCCESS;
Thing;PATCHWORK;
Landmark;HARVARD YARD;
Food & Drink;BUTTERMILK FRIED CHICKEN;
Song Lyrics;IT'S BEEN SUCH A LONG TIME;
Before & After;LET'S PAINT THE TOWN RED SOX;
What Are You Doing?;SPENDING THE ENTIRE DAY RELAXING;
Proper Name;RALPH WALDO EMERSON;
Thing;DO-IT-YOURSELF PROJECT;
Thing;BOUQUET;
Phrase;WICKED AWESOME;
Show Biz;OPENING CREDITS;
Event;THE MIDNIGHT RIDE OF PAUL REVERE;
_____ Weather;WINDY UNPREDICTABLE WARM COLD;
Rhyme Time;GO ASHORE AND EXPLORE;
Food & Drink;CRISPY PORK BELLY;
Song Lyrics;WE CAN CHANGE THE WORLD;
Fun & Games;BACKGAMMON SET;
Thing;VERY THICK FOG;
Fun & Games;RIDING IN A SWAN BOAT;
Food & Drink;HOT CHOCOLATE;
Before & After;HAPPILY EVER AFTER SCHOOL;
Proper Name;MASSACHUSETTS INSTITUTE OF TECHNOLOGY;
Thing;AUTHENTIC HAWAIIAN VIBE;
Occupation;WEB DEVELOPER;
Phrase;MORE THAN I BARGAINED FOR;
Phrase;YOU HAVE MY WORD;
Proper Name;SAMUEL ADAMS;
Fun & Games;TRACK AND FIELD;
Title;THE HUB OF THE SOLAR SYSTEM;
____ Cream;COCONUT WRINKLE ICE SOUR;
Phrase;I JUST WON A TRIP TO THE BAHAMAS;
Event;REHEARSAL DINNER;
What Are You Doing?;PULLING BACK THE CURTAIN;
Phrase;BEFORE DAWN;
Food & Drink;MANHATTAN CLAM CHOWDER;
Star & Role;HUGH JACKMAN AS LOGAN;
Song Lyrics;MEET ME TONIGHT IN ATLANTIC CITY;
Wake Up!;SNORING SUNRISE DOGS KIDS;
Places;STUNNING UNDERWATER WORLDS;
On the Map;LAKE MICHIGAN;
What Are You Doing?;DRIVING A HARD BARGAIN;
What Are You Doing?;OVERCOMING OBSTACLES;
Place;THE BLUEGRASS STATE;
What Are You Doing?;ROLLING UP MY SLEEVES;
Around the House;BLACK LEATHER JACKET;
Before & After;EXECUTIVE ORDER OF CURLY FRIES;
Things;TRANQUILITY AND SERENITY;
Character;CAPTAIN KIRK;
Phrase;BOTTOM OF THE NINTH;
Song Lyrics;ANOTHER ONE BITES THE DUST;
Phrase;HEAR US OUT;
Landmark;VALLEY FORGE;
Thing;DISTINGUISHED SERVICE;
Event;SETTING A WORLD RECORD;
Before & After;TAX RETURN OF THE JEDI;
What Are You Doing?;GOING FOR A HIKE IN THE JUNGLE;
Proper Name;JOHN GOODMAN;
Person;CHARMING CHARACTER;
Things;VACUUM BAGS;
Rhyme Time;ARIZONA & DAYTONA;
Fun & Games;PLAYING SCRABBLE;
Before & After;LEAVING YOUR MARK WAHLBERG;
Phrase;NOTHING SUCCEEDS LIKE SUCCESS;
Event;A SPLENDID SUNSET CRUISE;
Food & Drink;HONEY-GLAZED HAM;
Thing;THE GOLDEN TOUCH;
Phrase;ON OUR BEHALF;
Phrase;MADE IN AMERICA;
TV Title;GREY'S ANATOMY;
People;JUST ONE BIG HAPPY FAMILY;
Things That Float;CLOUDS ASTRONAUTS RAFT BOAT;
Places;WATERFRONT RESTAURANTS AND BARS;
What Are You Doing?;MILKING A COW;
Rhyme Time;CHICKPEAS AND SWISS CHEESE;
Food & Drink;JUICY PEACH;
Song Title;UNDER THE BOARDWALK;
Phrase;MAKE A GO OF IT;
What Are You Doing?;CHASING AN ICE CREAM TRUCK;
Same Letter;PARADES PICNICS PARTIES;
Food & Drink;HEAVENLY PAPAYAS;
Event;HIGH SCHOOL REUNION;
Thing;EXCLUSIVE FIRST LOOK;
Thing;OFFBEAT APPROACH;
Fun & Games;BUILDING A TREE HOUSE;
Person;SATISFIED CUSTOMER;
Song Lyrics;NO MORE PENCILS NO MORE BOOKS;
Before & After;ONE SMART COOKIE DOUGH;
Places;SHIMMERING AQUA SEAS;
What Are You Doing?;SITTING PRETTY;
Phrase;THE PROOF IS IN THE PUDDING;
Thing;HUGE FAVOR;
Fun & Games;THROWING WATER BALLOONS;
Show Biz;THE STARRING ROLE;
Song/Artist;SURFER GIRL BY THE BEACH BOYS;
House _____;GUEST SLIPPERS CALL KEYS;
Same Letter;LEIS LUAUS LEISURE;
Person;MOTHER-IN-LAW;
What Are You Doing?;HAVING A FIELD DAY;
Phrase;HANG ON TO YOUR HATS;
On the Map;WICHITA AND TOPEKA;
Fun & Games;MINIATURE GOLF;
What Are You Doing?;PLANTING A GARDEN;
Phrase;HEADS I WIN TAILS YOU LOSE;
Baby _____;BOOMER ELEPHANT FACE BUMP;
Event;SCENIC DRIVE ALONG THE COAST;
Occupation;FOREST RANGER;
Food & Drink;OLD-FASHIONED APPLE PIE;
Thing;AWKWARD MOMENT;
Song Title;SATURDAY IN THE PARK;
What Are You Doing?;PLAYING GUITAR;
_____ Board;DRAWING SKATE DART GAME;
Event;DOUBLE FEATURE AT THE MOVIE THEATER;
Fun & Games;SALSA DANCING LESSONS;
Proper Name;EMMA WATSON;
Phrase;IT'S BEEN A BANNER YEAR;
Phrase;BEYOND COMPARE;
